id,title,domain,abstract,technologies
1,AI Resume Screener,Artificial Intelligence,Parses uploaded resumes and ranks candidates against a job description using semantic similarity. Extracts skills and experience automatically and gives recruiters a scored shortlist.,"Python, FastAPI, spaCy, Sentence-Transformers, ChromaDB"
2,Smart Irrigation Controller,IoT,"Monitors soil moisture, temperature and humidity in real time and switches water pumps on only when crops need it. Sends usage reports and alerts to a farmer's mobile app.","ESP32, DHT22, MQTT, Node-RED, Firebase"
3,Phishing URL Detector,Cybersecurity,"Classifies URLs as phishing or legitimate using lexical, host-based and content features. Delivered as a browser extension that warns users before a page loads.","Python, Scikit-learn, Random Forest, Flask, Chrome Extensions API"
4,Campus Event Management Portal,Web Development,"Lets students discover, register for and get reminders about college events, while organizers manage attendance and feedback. Includes QR-code check-in and an admin analytics dashboard.","React, Node.js, Express, MongoDB, JWT"
5,Fake News Detection System,Natural Language Processing,Identifies misleading news articles by analyzing writing style and comparing claims against trusted sources. Returns a credibility score with a short explanation.,"Python, BERT, HuggingFace Transformers, Flask, NLTK"
6,Blockchain-Based Certificate Verification,Blockchain,Stores tamper-proof hashes of academic certificates on a blockchain so employers can verify authenticity instantly. Universities issue certificates via a simple web portal.,"Solidity, Ethereum, Hardhat, React, IPFS, Web3.js"
7,Real-Time Sign Language Translator,Computer Vision,Recognizes hand gestures from a webcam feed and converts them into text and speech. Aims to help hearing-impaired users communicate with people who do not know sign language.,"Python, OpenCV, MediaPipe, TensorFlow, LSTM"
8,Intrusion Detection System using Machine Learning,Cybersecurity,Analyzes network traffic to detect anomalies and known attack patterns such as DoS and port scans. Displays live alerts on a monitoring dashboard.,"Python, Scikit-learn, Wireshark, NSL-KDD dataset, Streamlit"
9,Smart Home Energy Monitor,IoT,Measures power consumption of individual appliances and shows usage trends on a dashboard. Suggests ways to cut electricity bills and alerts users to abnormal consumption.,"Arduino, ESP8266, ACS712 sensor, MQTT, InfluxDB, Grafana"
10,Mental Health Support Chatbot,Artificial Intelligence,"Provides empathetic conversation and coping exercises for students under stress, and flags high-risk messages for human counselors. Does not replace professional care but offers 24/7 first-level support.","Python, Rasa, Transformers, PostgreSQL, React"
11,Online Examination Proctoring System,Computer Vision,"Monitors students during remote exams using face detection, gaze tracking and tab-switch detection. Generates a suspicion report for invigilators after each session.","Python, OpenCV, Dlib, Flask, WebRTC, SQLite"
12,Crop Disease Detection App,Artificial Intelligence,Lets farmers photograph a diseased leaf and receive an instant diagnosis with treatment suggestions. Works offline on low-end Android phones using a compressed model.,"TensorFlow Lite, MobileNetV2, Kotlin, PlantVillage dataset"
13,Personal Finance Tracker,Web Development,"Tracks income and expenses, categorizes transactions automatically and visualizes monthly spending. Sends budget alerts when a category limit is close to being exceeded.","Django, PostgreSQL, Chart.js, Bootstrap, REST API"
14,Secure Password Manager,Cybersecurity,Stores user credentials in an encrypted vault protected by a master password with zero-knowledge design. Includes a password strength checker and breach-exposure alerts.,"Python, AES-256, Argon2, SQLite, Tkinter"
15,Air Quality Monitoring and Prediction,IoT,"Collects PM2.5, CO2 and temperature data from distributed sensor nodes and forecasts pollution levels for the next 24 hours. Publishes a public map of air quality across the city.","Raspberry Pi, MQ135, PMS5003, LoRa, Prophet, Leaflet.js"
16,Semantic Research Paper Search Engine,Information Retrieval,"Finds relevant academic papers by meaning rather than exact keywords, combining vector search with keyword matching. Ranks results and highlights why each paper matched.","Python, FastAPI, ChromaDB, BM25, Sentence-Transformers, React"
17,Food Delivery Route Optimizer,Data Science,Assigns orders to delivery riders and computes the shortest multi-stop routes to reduce delivery time and fuel use. Simulates different traffic scenarios to compare strategies.,"Python, OR-Tools, Pandas, Google Maps API, Flask"
18,Student Performance Predictor,Machine Learning,"Predicts which students are at risk of failing using attendance, assignment scores and past grades. Gives teachers early warnings and explains the contributing factors.","Python, XGBoost, SHAP, Pandas, Streamlit"
19,Multiplayer Quiz Game Platform,Web Development,Allows teachers to host live quiz sessions where students join with a code and compete in real time. Shows instant leaderboards and exports results for grading.,"Next.js, Socket.IO, Node.js, Redis, Tailwind CSS"
20,Drone-Based Forest Fire Detection,Computer Vision,Uses aerial video feeds to detect smoke and flames early and sends GPS coordinates to forest officials. Runs a lightweight detection model suitable for onboard processing.,"Python, YOLOv8, OpenCV, Jetson Nano, MAVLink"
21,Voice-Controlled Smart Assistant for Elderly,Artificial Intelligence,"Lets elderly users control lights, set medication reminders and call family using simple voice commands. Works with regional accents and a small vocabulary to stay accurate and responsive.","Python, Vosk, Raspberry Pi, MQTT, Text-to-Speech"
22,Chest X-Ray Pneumonia Classifier,Healthcare AI,Analyzes chest X-ray images and flags likely pneumonia cases for radiologist review. Highlights the suspicious lung regions using heatmaps so doctors can trust the output.,"Python, PyTorch, ResNet50, Grad-CAM, Streamlit"
23,Hospital Appointment Booking System,Web Development,"Allows patients to book, reschedule and cancel doctor appointments online while staff manage schedules and queues. Sends SMS and email confirmations automatically.","Angular, Spring Boot, MySQL, Twilio API, JWT"
24,Autonomous Line-Following Delivery Robot,Robotics,Builds a small robot that follows a marked path inside a building and delivers items between rooms. Stops automatically when obstacles are detected in its way.,"Arduino Uno, IR sensors, Ultrasonic sensor, L298N, C++"
25,Augmented Reality Campus Navigator,AR/VR,Overlays directions and building information on the phone camera view to guide new students around campus. Shows class schedules and room details when a building is scanned.,"Unity, AR Foundation, C#, Firebase, Google Maps SDK"
26,Cloud-Based Log Monitoring Dashboard,Cloud & DevOps,"Collects logs from multiple microservices, indexes them and shows real-time error rates and latency charts. Sends alerts to Slack when anomalies appear.","Docker, Elasticsearch, Logstash, Kibana, AWS EC2, Python"
27,Cross-Platform Habit Tracker App,Mobile Development,"Helps users build daily habits with streaks, reminders and weekly progress charts. Syncs data across devices and works offline.","Flutter, Dart, Firebase Firestore, SQLite, Local Notifications"
28,SQL Injection Vulnerability Scanner,Cybersecurity,"Crawls a target web application, tests input fields with safe payloads and reports potential SQL injection points. Produces a severity-ranked report with remediation tips.","Python, Requests, BeautifulSoup, SQLite, Flask"
29,Wearable Fall Detection Band,IoT,Detects sudden falls in elderly people using motion sensors and instantly alerts caregivers with the person's location. Reduces false alarms by filtering normal daily movements.,"ESP32, MPU6050, GPS NEO-6M, GSM SIM800L, Arduino IDE"
30,Stock Price Trend Forecasting,Machine Learning,"Predicts short-term stock price movement from historical prices and technical indicators, and compares several models. Displays predictions and accuracy metrics on an interactive dashboard.","Python, LSTM, Keras, Pandas, yfinance, Plotly"
31,Plagiarism Detection for Student Code,Software Engineering,Compares source code submissions to find suspiciously similar programs even after variable renaming or reordering. Gives instructors a similarity report with side-by-side highlights.,"Python, AST parsing, Winnowing algorithm, Flask, React"
32,Multilingual Customer Support Chatbot,Natural Language Processing,"Answers common customer queries in English, Hindi and Kannada and escalates complex issues to human agents. Learns from resolved tickets to improve future answers.","Python, Rasa, IndicNLP, FastAPI, MongoDB"
33,Decentralized Voting System,Blockchain,Enables secure and transparent campus elections where each vote is recorded on a blockchain and cannot be altered. Voters authenticate using university credentials and verify their vote afterward.,"Solidity, Ethereum, Truffle, React, MetaMask"
34,Face Recognition Attendance System,Computer Vision,Marks classroom attendance automatically by recognizing students' faces from a camera feed. Generates monthly attendance reports and alerts for low attendance.,"Python, OpenCV, face_recognition, SQLite, Tkinter"
35,Traffic Congestion Prediction,Data Science,Analyzes historical traffic data to predict congestion at key junctions by time of day and weather. Suggests alternative routes on a city map dashboard.,"Python, Pandas, Scikit-learn, Folium, PostgreSQL"
36,Real-Time Chat Application with End-to-End Encryption,Cybersecurity,Provides private messaging where only the sender and receiver can read messages. Supports group chats and file sharing with encrypted storage.,"Node.js, Socket.IO, Signal Protocol, React, MongoDB"
37,Smart Parking Management System,IoT,Detects free and occupied parking slots using sensors and shows live availability on a mobile app. Guides drivers to the nearest empty spot and records parking duration.,"Raspberry Pi, Ultrasonic sensors, MQTT, Flask, React Native"
38,Recommendation Engine for Online Courses,Machine Learning,"Suggests courses to learners based on their interests, past enrollments and similar users' choices. Combines collaborative and content-based filtering to handle new users.","Python, Scikit-learn, Surprise, Pandas, FastAPI"
39,Retro 2D Platformer Game,Game Development,"Creates a pixel-art platformer with multiple levels, enemies and a scoring system. Includes a level editor so players can design and share their own stages.","Unity, C#, Tiled, Aseprite, Cinemachine"
40,Real-Time Data Pipeline for Social Media Analytics,Data Engineering,"Streams tweets and posts, cleans them and computes live sentiment and trending topics. Stores processed data for historical analysis and reporting.","Apache Kafka, Spark Streaming, Python, PostgreSQL, Grafana"
